{
  "pso": {
    "algorithm": "PSO",
    "best_params": {
      "v_FY1": 70.0,
      "theta_FY1": 8.431495063023936,
      "t_deploy": 0.1,
      "t_fuse": 1.0260756823047017
    },
    "best_fitness": 4.581785896718426,
    "optimization_time": 101.23179244995117,
    "algorithm_params": {
      "n_particles": 30,
      "max_iterations": 50,
      "w_start": 0.9,
      "w_end": 0.4,
      "c1": 2.0,
      "c2": 2.0
    },
    "bounds": {
      "v_FY1": [
        70.0,
        140.0
      ],
      "theta_FY1": [
        0.0,
        360.0
      ],
      "t_deploy": [
        0.1,
        65.99917080747261
      ],
      "t_fuse": [
        0.1,
        10.0
      ]
    },
    "fitness_history": [
      0.0,
      0.0,
      0.0,
      0.0,
      0.0,
      0.0,
      3.4713067084550104,
      3.6975621408223303,
      3.6975621408223303,
      3.6975621408223303,
      3.884799768030561,
      3.8869061991571563,
      3.9511487558483225,
      3.9969594225286613,
      4.496953436434173,
      4.496953436434173,
      4.569358661770728,
      4.569358661770728,
      4.569358661770728,
      4.5729981085657165,
      4.5729981085657165,
      4.5729981085657165,
      4.5729981085657165,
      4.5729981085657165,
      4.581114686131398,
      4.581114686131398,
      4.581785896718426,
      4.581785896718426,
      4.581785896718426,
      4.581785896718426,
      4.581785896718426,
      4.581785896718426,
      4.581785896718426,
      4.581785896718426,
      4.581785896718426,
      4.581785896718426
    ]
  },
  "ga": {
    "algorithm": "GA",
    "best_params": {
      "v_FY1": 123.5741045048199,
      "theta_FY1": 0.0,
      "t_deploy": 27.48838920869008,
      "t_fuse": 0.10838241786921558
    },
    "best_fitness": 3.05378887057298,
    "optimization_time": 44.60393500328064,
    "algorithm_params": {
      "population_size": 30,
      "max_generations": 50,
      "crossover_rate": 0.8,
      "mutation_rate": 0.1,
      "elite_size": 2,
      "tournament_size": 3,
      "use_parallel": true
    },
    "bounds": {
      "v_FY1": [
        70.0,
        140.0
      ],
      "theta_FY1": [
        0.0,
        360.0
      ],
      "t_deploy": [
        0.1,
        65.99917080747261
      ],
      "t_fuse": [
        0.1,
        10.0
      ]
    },
    "best_fitness_history": [
      2.5171613648533295,
      2.5171613648533295,
      2.5171613648533295,
      2.5171613648533295,
      2.579615862965527,
      2.579615862965527,
      2.579615862965527,
      3.05378887057298,
      3.05378887057298,
      3.05378887057298,
      3.05378887057298,
      3.05378887057298,
      3.05378887057298,
      3.05378887057298,
      3.05378887057298,
      3.05378887057298,
      3.05378887057298,
      3.05378887057298,
      3.05378887057298,
      3.05378887057298,
      3.05378887057298,
      3.05378887057298
    ],
    "avg_fitness_history": [
      0.08390537882844432,
      0.0,
      0.0,
      0.0,
      0.08598719543218424,
      0.0,
      0.0,
      0.10179296235243267,
      0.0,
      0.0,
      0.0,
      0.092142949928838,
      0.0527946245471625,
      0.09162752904494412,
      0.0,
      0.0,
      0.0,
      0.0,
      0.0,
      0.0,
      0.0,
      0.0
    ]
  },
  "comparison": {
    "fitness_difference": 1.5279970261454459,
    "fitness_relative_difference": 33.34937643506717,
    "time_difference": 56.62785744667053,
    "consistency": "❌ 差异较大",
    "better_algorithm": "PSO",
    "faster_algorithm": "GA"
  },
  "timestamp": "2025-09-05 16:16:55"
}